{"cameraMode":{"drawMode":0,"name":"Shaded","section":"Shading Mode"},"sceneLighting":true,"audioPlay":false,"sceneViewState":{"showFog":true,"showMaterialUpdate":false,"showSkybox":true,"showFlares":true,"showImageEffects":true,"showParticleSystems":true},"in2DMode":false,"pivot":{"x":6.822549819946289,"y":-4.555364608764648,"z":-4.073362827301025},"rotation":{"x":0.2469702810049057,"y":0.6379433870315552,"z":-0.22732461988925935,"w":0.6930834054946899},"size":13.1574068069458,"orthographic":false}